VisitorID,FirstName,LastName,ID_Passport_No,Nationality,WildCardMember,DOB,ContactNo,ModifiedDate
VID-46048,Lerato,Mokoena,E23756669,American,Y,1969-12-27,+27 78 532 1520,2024-01-04 00:00:00
VID-40495,Emma,Smit,7009079928086,South African,Y,1968-05-28,+27 74 703 5557,2024-01-28 00:00:00
VID-30926,Jaco,Williams,K47295260,Dutch,Y,1960-07-31,+27 66 881 6514,2024-04-07 00:00:00
VID-22676,Zanele,Naidoo,8905261711087,South African,Y,1968-04-27,+27 72 180 5803,2024-02-18 00:00:00
VID-35203,Jaco,Smith,B98753260,Dutch,Y,1992-06-11,+27 84 396 2307,2024-03-14 00:00:00
VID-59823,Pieter,Ndlovu,U58966946,Dutch,Y,1980-11-19,+27 71 463 4432,2024-01-13 00:00:00
VID-99593,Chloe,Smith,T95225343,American,Y,1983-12-14,+27 77 846 5010,2024-03-30 00:00:00
VID-45382,Chloe,Pretorius,7711111916083,South African,Y,2001-06-21,+27 70 510 5386,2024-02-18 00:00:00
VID-51245,Lerato,Ndlovu,8211153340084,South African,Y,1978-12-05,+27 67 862 9830,2024-03-13 00:00:00
VID-62350,Zanele,Mokoena,7409162489080,South African,Y,1998-06-08,+27 64 742 3621,2024-03-15 00:00:00
VID-18326,Liam,Williams,T72820592,Dutch,N,1997-11-15,+27 77 981 1188,2024-03-17 00:00:00
VID-80381,Pieter,Naidoo,D49392920,American,N,1970-04-11,+27 65 564 1053,2024-03-28 00:00:00
VID-33416,Emma,Smith,U50056581,American,Y,1983-08-18,+27 64 482 3646,2024-03-05 00:00:00
VID-88504,Zanele,Ndlovu,A25014631,British,N,2007-07-31,+27 69 345 1949,2024-01-01 00:00:00
VID-73699,Sarah,Pretorius,9403058787088,South African,Y,1967-01-24,+27 68 640 7932,2024-01-11 00:00:00
VID-36365,Jaco,Van Wyk,8211217118087,South African,N,2008-05-19,+27 63 353 4681,2024-04-06 00:00:00
VID-87110,Emma,Mokoena,8804012163080,South African,Y,1990-05-01,+27 62 132 6413,2024-01-03 00:00:00
VID-46500,Chloe,Ndlovu,7609058744083,South African,N,2006-02-15,+27 73 294 2545,2024-01-31 00:00:00
VID-65519,Liam,Ndlovu,9712022612080,South African,N,1998-09-02,+27 83 447 2790,2024-02-15 00:00:00
VID-80292,Naledi,Botha,8303098579083,South African,Y,1977-03-10,+27 74 927 2604,2024-01-25 00:00:00
VID-22224,Lerato,Botha,8308164502086,South African,Y,2008-06-30,+27 65 488 1035,2024-01-02 00:00:00
VID-69638,Pieter,Williams,W84593961,German,N,1983-10-17,+27 64 294 5861,2024-04-10 00:00:00
VID-81066,Thabo,Naidoo,7101198811088,South African,Y,1965-03-31,+27 61 620 2312,2024-03-15 00:00:00
VID-87992,Sarah,Mokoena,M26090908,Dutch,Y,1976-09-02,+27 78 708 1651,2024-01-09 00:00:00
VID-96163,Sipho,Smit,Q52462441,British,N,1967-05-10,+27 66 785 6147,2024-02-23 00:00:00
VID-27154,Chloe,Van Wyk,8406252188080,South African,N,1983-10-30,+27 79 676 2638,2024-02-20 00:00:00
VID-76307,Pieter,Botha,9906035002085,South African,N,2008-03-26,+27 65 548 9900,2024-01-28 00:00:00
VID-95717,Emma,Dlamini,V84437458,American,N,1987-02-20,+27 81 206 3200,2024-03-19 00:00:00
VID-82512,Johannes,Van Wyk,7910076617083,South African,N,1970-05-10,+27 76 600 5114,2024-01-14 00:00:00
VID-93136,Liam,Van Wyk,B10475894,Dutch,N,1964-07-22,+27 84 233 5291,2024-01-12 00:00:00
VID-66057,Emma,Dlamini,7302233442088,South African,Y,1999-08-22,+27 71 696 3426,2024-03-11 00:00:00
VID-50404,Zanele,Dlamini,L38195995,German,Y,1971-06-08,+27 81 205 6794,2024-01-06 00:00:00
VID-30257,Lerato,Botha,Z33763566,Dutch,N,1996-06-16,+27 60 283 6442,2024-03-20 00:00:00
VID-42527,Pieter,Botha,Z24508349,Dutch,N,1996-12-08,+27 61 979 8711,2024-03-26 00:00:00
VID-55830,Pieter,Mokoena,7701224164086,South African,N,1977-11-26,+27 68 985 2137,2024-02-28 00:00:00
VID-94080,Emma,Williams,V81969657,Dutch,N,1985-01-15,+27 60 218 5279,2024-02-14 00:00:00
VID-24208,Sipho,Williams,8112266139086,South African,Y,1983-10-25,+27 72 690 4114,2024-01-05 00:00:00
VID-67154,Thabo,Pretorius,9909224228085,South African,N,1963-12-25,+27 62 780 6409,2024-03-31 00:00:00
VID-26334,Jaco,Van Wyk,Q51511484,British,N,1988-02-29,+27 70 512 5844,2024-03-25 00:00:00
VID-65108,Chloe,Williams,V33357554,British,N,1971-06-02,+27 72 661 1006,2024-01-25 00:00:00
VID-66346,Sipho,Smit,9006158238087,South African,Y,1985-09-27,+27 76 584 3780,2024-01-27 00:00:00
VID-77561,Chloe,Smit,K22534217,American,Y,1967-08-10,+27 81 417 4680,2024-02-06 00:00:00
VID-13201,Thabo,Mokoena,P92043803,Dutch,Y,1977-11-12,+27 74 524 4185,2024-01-19 00:00:00
VID-62383,Lerato,Botha,U10744212,American,Y,1994-06-13,+27 84 535 4585,2024-03-04 00:00:00
VID-16582,Emma,Mokoena,9902153184087,South African,N,2006-06-20,+27 84 553 9270,2024-02-29 00:00:00
VID-30861,Jaco,Ndlovu,O44788100,German,Y,2009-02-24,+27 80 383 9540,2024-02-27 00:00:00
VID-67654,Sarah,Van Wyk,H46468984,German,N,1981-06-18,+27 70 653 2320,2024-02-05 00:00:00
VID-60205,Jaco,Botha,9204037797086,South African,N,1973-07-13,+27 77 577 7812,2024-01-30 00:00:00
VID-61049,Sipho,Dlamini,9710138814080,South African,N,1978-07-22,+27 69 871 7389,2024-02-23 00:00:00
VID-81582,Sipho,Mokoena,P39450273,Dutch,N,1997-08-04,+27 73 597 1475,2024-03-09 00:00:00
VID-99016,Liam,Botha,O27129912,German,Y,1990-02-26,+27 72 706 1444,2024-03-26 00:00:00
VID-70515,Johannes,Dlamini,7807114467087,South African,N,1998-06-14,+27 70 879 7211,2024-01-18 00:00:00
VID-20735,Naledi,Dlamini,9309026733083,South African,Y,1997-10-26,+27 84 767 1659,2024-02-02 00:00:00
VID-36130,Thabo,Smit,E42016960,Dutch,Y,1962-10-13,+27 75 785 2874,2024-02-01 00:00:00
VID-43586,Zanele,Botha,T91503378,British,Y,1979-07-22,+27 84 938 3683,2024-02-29 00:00:00
VID-13365,Pieter,Smit,9107134249081,South African,Y,1969-09-12,+27 63 813 5941,2024-03-15 00:00:00
VID-15383,Zanele,Pretorius,N98787891,Dutch,N,1970-11-10,+27 62 618 6590,2024-03-13 00:00:00
VID-23833,Liam,Naidoo,9008233506086,South African,Y,1997-09-07,+27 83 634 5425,2024-03-03 00:00:00
VID-73372,Naledi,Williams,X89520597,British,N,2008-04-12,+27 70 972 5022,2024-04-09 00:00:00
VID-69087,Lerato,Ndlovu,S91917334,Dutch,N,1967-10-10,+27 70 129 9098,2024-02-05 00:00:00
VID-73904,Lerato,Naidoo,Z44675473,Dutch,N,1989-02-27,+27 68 710 5526,2024-01-24 00:00:00
VID-35042,Sarah,Mokoena,X64549859,British,N,1960-11-28,+27 77 876 4937,2024-03-07 00:00:00
VID-74332,Naledi,Dlamini,C49491631,American,Y,2002-09-17,+27 72 808 4986,2024-03-23 00:00:00
VID-82544,Emma,Naidoo,8312186419085,South African,N,1993-02-08,+27 68 413 5118,2024-03-01 00:00:00
VID-35242,Zanele,Smith,9309254033083,South African,Y,1970-10-28,+27 83 595 5530,2024-04-02 00:00:00
VID-47093,Sarah,Mokoena,J40532273,American,N,2007-01-25,+27 65 409 1231,2024-03-17 00:00:00
VID-45954,Thabo,Dlamini,R49209916,American,Y,2007-12-02,+27 80 989 9042,2024-01-17 00:00:00
VID-47268,Naledi,Ndlovu,8406061841084,South African,N,1961-02-05,+27 63 941 2070,2024-03-14 00:00:00
VID-85631,Chloe,Dlamini,E30024960,German,N,2004-02-12,+27 62 354 2940,2024-01-10 00:00:00
VID-88135,Sipho,Mokoena,Y80138498,British,N,1997-05-03,+27 74 553 5871,2024-03-18 00:00:00
VID-84531,Sipho,Dlamini,T23318904,Dutch,Y,1998-06-21,+27 80 316 5335,2024-02-09 00:00:00
VID-41439,Johannes,Pretorius,C31009452,American,Y,1967-04-14,+27 73 561 8699,2024-01-21 00:00:00
VID-47762,Jaco,Van Wyk,9208034824084,South African,Y,1962-12-05,+27 73 217 9922,2024-01-30 00:00:00
VID-28643,Sarah,Dlamini,7505205728087,South African,Y,1973-05-14,+27 74 805 5982,2024-02-04 00:00:00
VID-75597,Emma,Ndlovu,O20796722,American,Y,1996-02-10,+27 73 852 6280,2024-02-04 00:00:00
VID-21970,Lerato,Smit,S12784407,British,N,1982-06-18,+27 78 141 3870,2024-01-04 00:00:00
VID-67963,Pieter,Botha,S68503492,German,N,2006-07-23,+27 62 581 6700,2024-03-24 00:00:00
VID-97835,Sarah,Botha,K65250068,German,N,1989-11-25,+27 69 778 7561,2024-02-11 00:00:00
VID-21542,Zanele,Van Wyk,K25558733,Dutch,N,1963-04-17,+27 76 944 1018,2024-02-28 00:00:00
VID-64165,Thabo,Mokoena,Q58557203,American,N,2008-09-04,+27 80 552 1845,2024-02-29 00:00:00
VID-27172,Pieter,Ndlovu,9812162989080,South African,Y,1983-12-16,+27 82 262 6091,2024-03-11 00:00:00
VID-63476,Sarah,Mokoena,D71934487,British,Y,1961-03-24,+27 80 952 3522,2024-03-11 00:00:00
VID-45838,Liam,Ndlovu,P42713008,German,N,1986-03-08,+27 77 248 7284,2024-03-06 00:00:00
VID-27892,Sarah,Van Wyk,9407119318084,South African,Y,2005-08-06,+27 69 843 5891,2024-04-05 00:00:00
VID-68529,Emma,Ndlovu,L54619335,Dutch,N,2003-12-05,+27 74 429 4090,2024-01-20 00:00:00
VID-60196,Lerato,Williams,B52704903,American,N,1981-06-04,+27 82 930 7246,2024-03-14 00:00:00
VID-14852,Johannes,Pretorius,S54559574,German,Y,1973-08-24,+27 74 202 9617,2024-03-04 00:00:00
VID-28894,Liam,Botha,C73013961,German,N,1961-05-17,+27 70 738 7512,2024-04-02 00:00:00
VID-98389,Emma,Williams,K94127561,American,N,1967-03-16,+27 77 136 2121,2024-02-12 00:00:00
VID-21846,Liam,Smith,9411232646087,South African,Y,1985-10-12,+27 82 406 1474,2024-01-30 00:00:00
VID-48452,Zanele,Naidoo,8303089702086,South African,Y,1989-02-06,+27 65 279 2293,2024-01-08 00:00:00
VID-99539,Lerato,Ndlovu,S29208935,British,Y,1994-04-27,+27 74 753 5161,2024-03-20 00:00:00
VID-11231,Naledi,Van Wyk,V83363160,German,Y,1982-11-27,+27 62 552 6661,2024-03-26 00:00:00
VID-65615,Jaco,Van Wyk,O50550084,British,Y,1986-11-02,+27 72 973 8916,2024-03-22 00:00:00
VID-84963,Zanele,Smit,7912101359086,South African,N,1981-04-12,+27 60 679 1803,2024-02-18 00:00:00
VID-40162,Sipho,Naidoo,H95445405,British,Y,2004-07-24,+27 79 356 3240,2024-02-06 00:00:00
VID-94717,Thabo,Van Wyk,Z69166287,American,Y,1968-09-18,+27 78 473 3153,2024-03-21 00:00:00
VID-64460,Johannes,Mokoena,7409129697088,South African,N,1986-06-23,+27 65 363 8894,2024-02-11 00:00:00
VID-54396,Sarah,Ndlovu,C28892086,Dutch,Y,1986-06-24,+27 81 841 7511,2024-04-05 00:00:00
VID-61717,Thabo,Van Wyk,R26587799,Dutch,N,1992-10-24,+27 71 788 5295,2024-01-12 00:00:00
VID-58689,Sarah,Mokoena,P13358751,British,N,1994-03-08,+27 79 326 2035,2024-03-22 00:00:00
VID-49608,Chloe,Williams,D28760553,American,Y,2001-08-26,+27 61 411 9071,2024-03-30 00:00:00
VID-80457,Johannes,Williams,8406229850086,South African,Y,1968-09-19,+27 73 770 2622,2024-01-31 00:00:00
VID-63492,Pieter,Dlamini,W59731689,Dutch,Y,2003-11-25,+27 74 555 4868,2024-03-19 00:00:00
VID-99873,Zanele,Pretorius,U58140388,Dutch,Y,1992-07-15,+27 72 382 4109,2024-01-13 00:00:00
VID-96870,Lerato,Smit,7001266464083,South African,Y,2000-10-17,+27 78 310 2124,2024-01-12 00:00:00
VID-38305,Lerato,Naidoo,Y29804386,Dutch,Y,1978-08-02,+27 68 979 3370,2024-03-16 00:00:00
VID-32871,Sarah,Dlamini,7401124898089,South African,N,2008-06-18,+27 60 278 5347,2024-02-02 00:00:00
VID-65176,Emma,Smith,9302168344085,South African,Y,1971-05-16,+27 74 615 4629,2024-04-04 00:00:00
VID-96363,Emma,Van Wyk,O96347724,British,Y,1963-11-21,+27 61 590 7580,2024-04-03 00:00:00
VID-68138,Sarah,Smith,K91644298,German,Y,1969-09-07,+27 62 229 5505,2024-03-03 00:00:00
VID-52622,Liam,Smit,Q49580505,British,N,2009-03-12,+27 76 719 8048,2024-04-01 00:00:00
VID-95316,Emma,Mokoena,8308087779085,South African,N,1970-04-07,+27 72 525 2557,2024-03-24 00:00:00
VID-97177,Pieter,Naidoo,7411162099081,South African,Y,1998-04-15,+27 62 542 2582,2024-02-10 00:00:00
VID-82924,Thabo,Smit,R85387867,American,N,1993-06-06,+27 81 225 7730,2024-01-17 00:00:00
VID-16743,Pieter,Smit,7906049313083,South African,Y,1997-12-10,+27 81 593 4674,2024-04-02 00:00:00
VID-82910,Zanele,Smith,Y47388792,Dutch,Y,1969-09-16,+27 73 965 1430,2024-02-14 00:00:00
VID-33647,Pieter,Van Wyk,K57113566,British,Y,1983-12-29,+27 65 990 3347,2024-01-04 00:00:00
VID-28595,Jaco,Dlamini,C81200181,British,Y,1995-12-15,+27 72 529 8432,2024-01-09 00:00:00
VID-50846,Jaco,Naidoo,9410202391080,South African,Y,1974-02-13,+27 65 872 1815,2024-02-17 00:00:00
VID-68079,Chloe,Williams,P91480362,American,N,1967-04-27,+27 73 379 4531,2024-02-04 00:00:00
VID-55242,Liam,Smith,J89609131,Dutch,N,2005-12-18,+27 76 783 6053,2024-01-15 00:00:00
VID-88554,Thabo,Dlamini,7605073248084,South African,N,1979-10-13,+27 70 222 1126,2024-02-20 00:00:00
VID-26932,Liam,Pretorius,W40884937,German,N,1998-08-20,+27 62 506 1693,2024-01-23 00:00:00
VID-20205,Zanele,Smit,N86960402,German,N,1961-09-06,+27 82 755 7843,2024-02-28 00:00:00
VID-12733,Zanele,Botha,9510156928081,South African,N,1970-05-02,+27 63 349 8138,2024-02-21 00:00:00
VID-20308,Liam,Van Wyk,X55568701,British,Y,1995-12-04,+27 70 897 3754,2024-03-08 00:00:00
VID-24945,Emma,Pretorius,7606123419083,South African,Y,2005-10-18,+27 64 362 4232,2024-03-22 00:00:00
VID-95918,Sarah,Botha,9411168601089,South African,N,1973-09-18,+27 81 678 6295,2024-04-07 00:00:00
VID-67640,Sarah,Ndlovu,O94743076,Dutch,N,1988-05-12,+27 68 705 1920,2024-01-20 00:00:00
VID-50685,Naledi,Ndlovu,7101125703081,South African,Y,2005-07-07,+27 79 708 9307,2024-01-10 00:00:00
VID-82655,Jaco,Dlamini,O86726461,German,Y,2001-07-06,+27 70 719 8792,2024-03-15 00:00:00
VID-69050,Sarah,Naidoo,W21318464,British,Y,1973-07-14,+27 61 353 8172,2024-01-08 00:00:00
VID-89928,Johannes,Naidoo,L47969333,German,N,2007-01-06,+27 73 893 6543,2024-03-07 00:00:00
VID-94843,Zanele,Smith,K22684373,American,N,1964-09-11,+27 69 358 3463,2024-03-21 00:00:00
VID-96980,Johannes,Naidoo,7911237421082,South African,Y,1967-04-24,+27 69 672 7171,2024-03-15 00:00:00
VID-97833,Jaco,Pretorius,C96707983,American,N,1989-06-20,+27 76 470 1298,2024-01-17 00:00:00
VID-38074,Zanele,Ndlovu,7604053538081,South African,N,1987-09-16,+27 63 619 9843,2024-01-24 00:00:00
VID-96760,Zanele,Smit,E90161060,Dutch,N,2007-03-28,+27 64 266 3962,2024-01-05 00:00:00
VID-67366,Thabo,Williams,L41880763,Dutch,N,1974-11-07,+27 79 391 8355,2024-04-02 00:00:00
VID-50562,Naledi,Mokoena,8111198218087,South African,N,2007-11-28,+27 84 491 9239,2024-01-31 00:00:00
VID-36174,Sipho,Botha,I17003454,British,N,1997-07-23,+27 71 667 2680,2024-01-21 00:00:00
VID-47363,Sarah,Botha,I70306604,American,Y,2006-04-14,+27 73 193 4637,2024-01-16 00:00:00
VID-13495,Liam,Dlamini,M77378254,Dutch,N,2000-06-21,+27 67 495 2337,2024-02-14 00:00:00
VID-51770,Sarah,Naidoo,9503051627084,South African,N,1980-02-22,+27 82 951 3273,2024-01-04 00:00:00
VID-90654,Thabo,Smith,A44349528,Dutch,Y,2002-01-31,+27 64 661 9647,2024-02-27 00:00:00
VID-47762,Lerato,Van Wyk,D16408822,German,Y,1969-12-22,+27 73 754 8489,2024-04-09 00:00:00
VID-88215,Emma,Dlamini,9009194963082,South African,N,1969-12-11,+27 73 101 6780,2024-03-04 00:00:00
VID-97080,Chloe,Smith,8606039618088,South African,Y,1997-05-16,+27 72 994 8702,2024-01-24 00:00:00
VID-43246,Jaco,Dlamini,8102124950081,South African,N,1994-09-16,+27 64 145 6772,2024-02-17 00:00:00
VID-32949,Chloe,Ndlovu,W74227366,British,Y,1990-05-16,+27 64 164 8498,2024-03-23 00:00:00
VID-15741,Lerato,Dlamini,8005177524088,South African,N,1986-04-29,+27 68 137 4131,2024-01-26 00:00:00
VID-16265,Chloe,Naidoo,7802267029086,South African,N,1992-01-10,+27 83 550 7334,2024-04-09 00:00:00
VID-75211,Zanele,Pretorius,7802247955081,South African,N,1976-10-04,+27 79 942 3956,2024-03-04 00:00:00
VID-23447,Sarah,Naidoo,V49680122,British,N,1986-05-10,+27 74 717 7981,2024-02-11 00:00:00
VID-68606,Thabo,Naidoo,8907091939081,South African,N,1999-10-28,+27 71 625 3621,2024-02-14 00:00:00
VID-98878,Naledi,Dlamini,7402087001085,South African,N,1972-10-22,+27 78 133 3513,2024-03-18 00:00:00
VID-58760,Naledi,Smith,S28481124,American,N,2000-05-13,+27 72 421 5566,2024-02-17 00:00:00
VID-34385,Naledi,Pretorius,8209045288084,South African,N,1970-03-06,+27 66 726 5678,2024-01-04 00:00:00
VID-26074,Johannes,Smith,O33173544,American,N,2004-01-25,+27 62 929 6236,2024-01-26 00:00:00
VID-18511,Emma,Pretorius,J50259503,American,Y,1991-03-03,+27 82 826 3852,2024-03-31 00:00:00
VID-39391,Sarah,Mokoena,Z28639738,Dutch,Y,1992-06-06,+27 75 126 6912,2024-03-06 00:00:00
VID-82305,Johannes,Smit,C18824561,British,N,1993-02-04,+27 72 834 8842,2024-02-29 00:00:00
VID-63665,Sipho,Smith,E52550733,British,Y,1996-11-07,+27 74 577 9476,2024-04-08 00:00:00
VID-82260,Chloe,Smit,7503149238080,South African,Y,1971-07-07,+27 76 256 5982,2024-04-09 00:00:00
VID-39552,Zanele,Pretorius,9805282292084,South African,Y,1974-07-13,+27 80 664 5496,2024-02-11 00:00:00
VID-79924,Sarah,Pretorius,9003193526082,South African,N,1987-03-02,+27 78 142 1464,2024-03-19 00:00:00
VID-85598,Pieter,Mokoena,9410141496087,South African,N,1964-01-29,+27 80 409 8912,2024-03-23 00:00:00
VID-69446,Sarah,Dlamini,7508148933087,South African,Y,1996-06-06,+27 70 721 3353,2024-02-08 00:00:00
VID-55268,Liam,Botha,9406172739085,South African,Y,1988-08-24,+27 74 225 5382,2024-04-03 00:00:00
VID-22689,Thabo,Van Wyk,M92594562,German,N,1982-03-29,+27 67 986 3616,2024-01-19 00:00:00
VID-50988,Lerato,Botha,P79085198,Dutch,N,1989-05-17,+27 75 415 9148,2024-03-14 00:00:00
VID-76249,Naledi,Mokoena,7610121797080,South African,N,1968-01-29,+27 75 711 8710,2024-02-20 00:00:00
VID-24089,Liam,Botha,9805246992086,South African,N,2008-02-24,+27 61 510 1838,2024-01-02 00:00:00
VID-82512,Pieter,Smith,M77680031,British,N,1977-06-18,+27 84 663 5582,2024-02-16 00:00:00
VID-22672,Liam,Naidoo,Z55511258,Dutch,N,1970-08-29,+27 84 247 4261,2024-01-17 00:00:00
VID-75546,Thabo,Dlamini,B28392710,British,N,2005-09-03,+27 75 631 8487,2024-02-21 00:00:00
VID-52987,Sipho,Naidoo,7507205902089,South African,N,2006-04-01,+27 76 948 9351,2024-01-18 00:00:00
VID-83783,Pieter,Ndlovu,A59440148,British,N,2003-12-12,+27 81 212 7824,2024-03-31 00:00:00
VID-92478,Thabo,Smit,P45638891,British,Y,1987-08-08,+27 83 152 8871,2024-04-02 00:00:00
VID-91230,Liam,Botha,9611081517089,South African,Y,2007-01-12,+27 66 119 8225,2024-03-21 00:00:00
VID-64127,Jaco,Mokoena,8309258726080,South African,Y,1997-07-27,+27 76 312 6325,2024-01-20 00:00:00
VID-59391,Zanele,Botha,O81555103,American,N,2002-12-01,+27 77 462 5331,2024-03-08 00:00:00
VID-42311,Pieter,Pretorius,J40181142,British,N,2003-06-09,+27 84 395 4396,2024-01-25 00:00:00
VID-72888,Zanele,Pretorius,Z46702849,American,N,2003-11-14,+27 63 687 9899,2024-02-10 00:00:00
VID-29198,Pieter,Dlamini,J20607151,German,N,1995-05-25,+27 74 771 5201,2024-02-14 00:00:00
VID-36485,Emma,Van Wyk,R46456416,American,Y,2002-12-24,+27 63 730 4920,2024-01-28 00:00:00
VID-79604,Lerato,Mokoena,7102146411087,South African,Y,1964-07-21,+27 81 889 3252,2024-03-26 00:00:00
VID-95575,Naledi,Ndlovu,9004255706085,South African,N,1974-03-03,+27 80 160 2465,2024-02-22 00:00:00
VID-14888,Johannes,Williams,F14877451,American,N,1980-10-31,+27 75 290 5742,2024-03-09 00:00:00
VID-84443,Sipho,Smith,9906108444088,South African,N,1960-10-30,+27 64 971 9261,2024-02-08 00:00:00
VID-24764,Zanele,Botha,X71594457,German,N,1984-06-23,+27 82 290 1230,2024-01-25 00:00:00
VID-84420,Chloe,Mokoena,F92000924,American,N,1990-03-30,+27 73 627 6372,2024-02-07 00:00:00
VID-22502,Johannes,Botha,8506081111084,South African,N,1995-12-17,+27 67 557 5374,2024-03-26 00:00:00
VID-85088,Thabo,Van Wyk,9006234871080,South African,Y,1987-02-02,+27 74 414 3616,2024-03-15 00:00:00
VID-50760,Jaco,Smith,U49599276,German,N,2005-01-30,+27 79 326 4590,2024-03-31 00:00:00
VID-69634,Jaco,Smit,8107239998087,South African,Y,2002-11-25,+27 84 353 2341,2024-01-20 00:00:00
VID-57419,Sarah,Smit,D18289024,British,Y,2000-01-30,+27 78 649 3455,2024-03-08 00:00:00
VID-67912,Sarah,Mokoena,9210162489088,South African,N,1989-06-08,+27 61 564 3161,2024-03-07 00:00:00
VID-83912,Thabo,Pretorius,O51361818,British,Y,1997-04-08,+27 72 360 1049,2024-02-28 00:00:00
VID-19572,Thabo,Williams,L18557710,American,Y,1979-07-20,+27 62 583 1519,2024-03-15 00:00:00
VID-27750,Chloe,Williams,8107157184086,South African,Y,1996-09-05,+27 81 777 9835,2024-01-24 00:00:00
VID-33392,Emma,Williams,8603244648080,South African,Y,1991-03-14,+27 69 574 9920,2024-01-16 00:00:00
VID-40102,Lerato,Ndlovu,L30820038,German,N,2007-09-21,+27 66 996 2848,2024-02-18 00:00:00
VID-12050,Lerato,Mokoena,7202201550087,South African,Y,1997-08-11,+27 67 858 1724,2024-03-19 00:00:00
VID-80747,Lerato,Dlamini,E77631755,German,N,1999-05-19,+27 67 935 6224,2024-01-30 00:00:00
VID-49552,Johannes,Pretorius,H65507111,British,N,1988-10-07,+27 68 162 3869,2024-01-31 00:00:00
VID-74962,Thabo,Naidoo,U61157708,American,N,1998-04-29,+27 82 526 7688,2024-03-12 00:00:00
VID-34101,Emma,Ndlovu,7704103365087,South African,Y,1986-11-26,+27 77 522 7824,2024-02-18 00:00:00
VID-60910,Lerato,Van Wyk,G54327148,British,Y,2007-07-19,+27 74 967 7079,2024-01-18 00:00:00
VID-34966,Thabo,Van Wyk,8211201647081,South African,Y,2008-01-20,+27 84 701 4555,2024-04-02 00:00:00
VID-49739,Thabo,Mokoena,G25745913,German,N,1978-09-27,+27 67 812 4350,2024-02-12 00:00:00
VID-52154,Pieter,Williams,O81625307,German,N,1981-06-21,+27 69 367 6892,2024-03-11 00:00:00
VID-22924,Jaco,Ndlovu,Y52980983,British,Y,2004-08-11,+27 71 420 7781,2024-02-29 00:00:00
VID-29126,Thabo,Van Wyk,8710197841084,South African,Y,1979-11-07,+27 66 437 4768,2024-04-04 00:00:00
VID-82173,Chloe,Naidoo,I75581613,German,N,1982-01-17,+27 74 272 6770,2024-03-04 00:00:00
VID-81636,Naledi,Botha,9909211962088,South African,Y,1972-07-22,+27 62 937 1794,2024-04-02 00:00:00
VID-28021,Chloe,Mokoena,C30270856,Dutch,Y,1960-07-28,+27 66 617 8471,2024-02-22 00:00:00
VID-93588,Chloe,Smit,9908228993080,South African,Y,1965-06-03,+27 77 664 7739,2024-03-20 00:00:00
VID-46010,Emma,Van Wyk,7009278054082,South African,Y,1961-07-02,+27 63 636 3439,2024-03-08 00:00:00
VID-79003,Pieter,Naidoo,7807037112086,South African,N,1977-03-21,+27 78 349 4700,2024-03-20 00:00:00
VID-95182,Thabo,Smith,8207138798080,South African,Y,1967-03-26,+27 82 275 2354,2024-03-24 00:00:00
VID-53420,Sipho,Smith,Q15711200,German,Y,1998-12-05,+27 66 988 8790,2024-03-23 00:00:00
VID-99709,Pieter,Pretorius,8811023938085,South African,Y,1964-03-05,+27 66 701 3362,2024-01-10 00:00:00
VID-49226,Johannes,Smit,H86060638,Dutch,N,1995-09-25,+27 81 653 6435,2024-01-10 00:00:00
VID-20279,Emma,Naidoo,B23111164,German,N,1972-07-21,+27 67 958 2245,2024-03-29 00:00:00
VID-52778,Thabo,Van Wyk,9508164737085,South African,N,1995-08-04,+27 73 290 7227,2024-04-09 00:00:00
VID-19634,Sarah,Van Wyk,7407233527086,South African,N,1986-07-01,+27 71 209 2499,2024-02-01 00:00:00
VID-57175,Pieter,Smith,7402068061087,South African,N,1987-08-28,+27 63 126 2468,2024-02-26 00:00:00
VID-88386,Zanele,Williams,7005147353081,South African,Y,1968-05-07,+27 78 633 3778,2024-03-17 00:00:00
VID-28198,Pieter,Van Wyk,I76185975,American,Y,1994-02-26,+27 62 271 8121,2024-01-22 00:00:00
VID-73469,Sarah,Naidoo,7804249123089,South African,Y,1997-10-11,+27 74 209 3219,2024-02-08 00:00:00
VID-53544,Sipho,Williams,9506156484086,South African,Y,1960-08-09,+27 69 428 4290,2024-02-20 00:00:00
VID-62198,Zanele,Van Wyk,X94946730,German,N,1988-03-09,+27 78 900 4971,2024-01-23 00:00:00
VID-61502,Zanele,Smith,9910079939082,South African,Y,1993-09-26,+27 83 572 4434,2024-02-05 00:00:00
VID-19064,Liam,Ndlovu,E95004924,German,N,1986-02-19,+27 67 358 3525,2024-03-29 00:00:00
VID-19694,Naledi,Smit,P88147469,American,N,1997-12-17,+27 77 618 7853,2024-02-18 00:00:00
VID-80373,Sipho,Smith,D43316996,British,N,1963-04-19,+27 65 762 1725,2024-02-16 00:00:00
VID-53463,Liam,Smith,A23234748,British,N,1995-11-07,+27 67 622 9499,2024-04-06 00:00:00
VID-59036,Liam,Ndlovu,Y88999206,British,Y,1979-10-30,+27 71 125 8909,2024-02-27 00:00:00
VID-21253,Sarah,Botha,8105118460083,South African,N,1986-07-03,+27 71 587 2599,2024-02-23 00:00:00
VID-18804,Pieter,Dlamini,Z25446483,German,Y,2000-08-03,+27 70 763 2791,2024-02-10 00:00:00
VID-41970,Emma,Botha,R31493051,American,N,1974-09-29,+27 77 536 8570,2024-04-04 00:00:00
VID-34176,Johannes,Williams,8201244232087,South African,N,1996-05-03,+27 72 104 4519,2024-03-21 00:00:00
VID-18200,Sipho,Smith,9509066993085,South African,Y,1984-12-20,+27 74 216 5298,2024-04-06 00:00:00
VID-93769,Zanele,Smit,M92048427,American,N,2003-11-30,+27 78 216 6700,2024-03-08 00:00:00
VID-32613,Chloe,Van Wyk,9910192388082,South African,N,2001-01-28,+27 63 344 6003,2024-03-20 00:00:00
VID-28528,Emma,Williams,8310057286086,South African,Y,1976-06-03,+27 75 750 9804,2024-02-17 00:00:00
VID-31871,Naledi,Van Wyk,E35111946,American,N,1975-07-17,+27 74 734 1878,2024-03-12 00:00:00
VID-73518,Johannes,Mokoena,M85374270,Dutch,N,1992-03-17,+27 73 801 9056,2024-01-02 00:00:00
VID-31922,Sarah,Smit,A39598969,German,N,1999-10-27,+27 61 381 4683,2024-03-03 00:00:00
VID-69942,Sipho,Ndlovu,R78559218,British,Y,1985-11-24,+27 78 216 5389,2024-01-22 00:00:00
VID-81046,Thabo,Ndlovu,R39332201,Dutch,N,2008-09-21,+27 63 853 5055,2024-02-16 00:00:00
VID-44447,Zanele,Smith,8402254882083,South African,N,1962-11-22,+27 82 724 8015,2024-02-27 00:00:00
VID-37082,Lerato,Dlamini,8806185605089,South African,Y,1972-06-28,+27 70 820 5794,2024-04-10 00:00:00
VID-99037,Sarah,Botha,9407025543082,South African,Y,1983-12-26,+27 67 249 6277,2024-03-06 00:00:00
VID-98635,Liam,Ndlovu,E87500742,Dutch,N,1982-03-17,+27 80 524 7146,2024-04-07 00:00:00
VID-22202,Liam,Pretorius,X47342819,German,N,1966-10-10,+27 74 599 6362,2024-03-22 00:00:00
VID-22208,Jaco,Ndlovu,U99139874,British,N,1960-03-22,+27 62 914 9756,2024-04-09 00:00:00
VID-37767,Naledi,Van Wyk,K48063218,German,N,1979-07-17,+27 77 691 3139,2024-02-24 00:00:00
VID-55054,Chloe,Dlamini,B23364695,British,N,2003-07-17,+27 60 227 3588,2024-04-10 00:00:00
VID-66072,Lerato,Botha,U50515702,German,Y,2000-12-15,+27 68 195 6905,2024-01-01 00:00:00
VID-97098,Chloe,Botha,7107216005083,South African,N,1967-05-24,+27 80 193 2559,2024-02-17 00:00:00
VID-20215,Johannes,Smit,7709228291080,South African,Y,1979-02-23,+27 82 451 2975,2024-03-02 00:00:00
VID-27324,Naledi,Smith,H61414775,Dutch,Y,1997-11-20,+27 83 925 2678,2024-03-29 00:00:00
VID-49223,Johannes,Williams,9403213340081,South African,Y,1988-02-10,+27 79 765 3688,2024-02-17 00:00:00
VID-37925,Chloe,Botha,N92688322,German,N,1991-07-04,+27 66 188 2646,2024-04-02 00:00:00
VID-60335,Zanele,Williams,8003085537081,South African,Y,1971-01-18,+27 77 715 5668,2024-03-16 00:00:00
VID-49537,Lerato,Pretorius,T78386961,Dutch,Y,1962-05-28,+27 83 501 5842,2024-03-25 00:00:00
VID-41370,Naledi,Williams,D42357445,American,N,1964-11-23,+27 80 708 2163,2024-04-10 00:00:00
VID-51480,Johannes,Williams,S66487347,British,N,1961-01-30,+27 77 799 3830,2024-02-16 00:00:00
VID-19567,Thabo,Smit,C11851322,Dutch,N,2002-04-04,+27 66 140 1990,2024-04-08 00:00:00
VID-47550,Chloe,Pretorius,Y65758338,Dutch,N,1995-09-14,+27 82 511 2350,2024-03-05 00:00:00
VID-90746,Johannes,Van Wyk,C51594998,American,Y,2008-02-20,+27 76 308 3545,2024-03-09 00:00:00
VID-86865,Chloe,Smith,J68718382,British,Y,1989-04-24,+27 61 350 2412,2024-02-20 00:00:00
VID-90254,Sipho,Dlamini,J99399687,German,Y,1970-05-28,+27 63 112 3248,2024-02-28 00:00:00
VID-75065,Zanele,Pretorius,Q44795538,American,Y,1961-01-06,+27 71 229 5403,2024-01-21 00:00:00
VID-13847,Zanele,Williams,I80310522,American,Y,1970-08-04,+27 68 829 2262,2024-04-08 00:00:00
VID-57202,Thabo,Ndlovu,S32398441,German,N,2000-11-01,+27 65 361 2685,2024-03-06 00:00:00
VID-76692,Thabo,Dlamini,A42823140,British,Y,1970-05-07,+27 75 472 7274,2024-01-30 00:00:00
VID-82465,Jaco,Williams,7706087819085,South African,N,1976-01-21,+27 62 685 7108,2024-01-05 00:00:00
VID-16903,Johannes,Mokoena,9509027568081,South African,N,2005-01-14,+27 69 892 6090,2024-03-27 00:00:00
VID-69866,Thabo,Naidoo,7605195979089,South African,Y,1967-10-01,+27 74 477 9083,2024-03-11 00:00:00
VID-81638,Lerato,Botha,A65034115,Dutch,Y,1977-07-13,+27 67 654 6675,2024-04-03 00:00:00
VID-10191,Chloe,Williams,X51273379,American,Y,1960-11-10,+27 66 642 4902,2024-02-12 00:00:00
VID-28661,Jaco,Van Wyk,C15892193,German,Y,2004-02-21,+27 76 522 7102,2024-01-08 00:00:00
VID-22527,Emma,Botha,U62928934,German,Y,1967-08-14,+27 78 681 2020,2024-03-15 00:00:00
VID-48230,Pieter,Naidoo,Z62741214,German,N,1971-09-23,+27 70 563 5455,2024-01-31 00:00:00
VID-27840,Sipho,Smith,7402068365087,South African,N,1966-09-13,+27 73 223 9780,2024-01-26 00:00:00
VID-50410,Naledi,Van Wyk,9702033582084,South African,Y,1978-08-17,+27 66 955 6370,2024-02-27 00:00:00
VID-42534,Zanele,Williams,8601225896084,South African,Y,1968-03-07,+27 60 514 8408,2024-04-01 00:00:00
VID-70560,Sarah,Botha,D11604831,British,Y,1982-06-01,+27 84 327 3141,2024-01-13 00:00:00
VID-99952,Chloe,Smith,8810092228080,South African,Y,1995-12-09,+27 66 761 8265,2024-02-17 00:00:00
VID-53456,Sarah,Dlamini,O16796477,Dutch,Y,1971-07-22,+27 78 543 7471,2024-01-12 00:00:00
VID-99550,Liam,Botha,L38818707,German,Y,1962-08-24,+27 68 386 8307,2024-02-18 00:00:00
VID-91156,Sipho,Mokoena,9005167750088,South African,N,1963-02-09,+27 61 189 5583,2024-03-19 00:00:00
VID-36143,Chloe,Pretorius,H94658420,German,Y,1972-04-23,+27 72 900 6883,2024-02-23 00:00:00
VID-73527,Zanele,Smit,Q53165014,German,N,2008-11-06,+27 68 284 1427,2024-04-10 00:00:00
VID-46822,Thabo,Ndlovu,8606254813082,South African,Y,1979-08-25,+27 67 772 4951,2024-01-04 00:00:00
VID-17328,Lerato,Smit,9707123846082,South African,Y,2007-11-17,+27 78 425 6878,2024-04-04 00:00:00
VID-56095,Sipho,Smit,E85579195,British,Y,1962-07-13,+27 75 655 6063,2024-03-31 00:00:00
VID-21830,Thabo,Mokoena,8904019625087,South African,Y,2003-12-31,+27 70 728 4300,2024-01-05 00:00:00
VID-33260,Zanele,Dlamini,A29825571,Dutch,Y,1971-09-15,+27 84 213 9622,2024-02-13 00:00:00
VID-58967,Jaco,Williams,S23560308,Dutch,N,1992-09-25,+27 69 430 3235,2024-01-10 00:00:00
VID-73858,Chloe,Naidoo,7512186846083,South African,Y,1999-03-12,+27 72 414 5825,2024-03-22 00:00:00
VID-10235,Jaco,Smit,8210023983089,South African,N,1975-12-11,+27 79 326 2705,2024-04-03 00:00:00
VID-20198,Lerato,Naidoo,K32533467,German,Y,1972-08-13,+27 82 786 6500,2024-02-12 00:00:00
VID-37483,Lerato,Smith,L44448045,German,Y,1961-01-08,+27 83 101 1788,2024-02-03 00:00:00
VID-65004,Johannes,Williams,P60829941,German,N,1999-04-25,+27 77 484 2661,2024-04-03 00:00:00
VID-85766,Chloe,Mokoena,F70570772,Dutch,Y,2003-01-06,+27 61 401 1328,2024-04-10 00:00:00
VID-19725,Zanele,Botha,9807062228088,South African,Y,1983-06-05,+27 70 708 8909,2024-01-14 00:00:00
VID-95673,Johannes,Smit,N31086112,American,Y,1962-10-12,+27 63 439 4367,2024-02-25 00:00:00
VID-82628,Jaco,Pretorius,7811105872083,South African,Y,1996-09-19,+27 61 502 9043,2024-03-30 00:00:00
VID-10500,Liam,Smith,7911218869083,South African,Y,1964-11-21,+27 60 311 3798,2024-02-16 00:00:00
VID-72071,Sarah,Van Wyk,Z63347164,American,N,1986-03-07,+27 75 776 5341,2024-01-11 00:00:00
VID-34232,Zanele,Williams,8103151731084,South African,N,2008-10-24,+27 74 369 4706,2024-02-19 00:00:00
VID-18079,Johannes,Smith,C99676390,Dutch,N,1984-02-04,+27 77 523 4727,2024-03-13 00:00:00
VID-78495,Liam,Pretorius,V73729850,British,Y,1965-06-21,+27 75 406 2293,2024-02-19 00:00:00
VID-84870,Emma,Smit,V93251648,German,Y,1963-02-11,+27 63 875 8357,2024-03-05 00:00:00
VID-35260,Johannes,Dlamini,8302228133083,South African,Y,1974-12-30,+27 79 364 6238,2024-01-28 00:00:00
VID-60868,Emma,Williams,R53771998,American,N,1966-01-04,+27 76 569 1202,2024-01-12 00:00:00
VID-64997,Sarah,Williams,E29891032,Dutch,Y,2006-11-18,+27 63 676 2654,2024-04-10 00:00:00
VID-55071,Liam,Van Wyk,M97884113,Dutch,N,1985-08-31,+27 78 723 8750,2024-03-09 00:00:00
VID-62818,Johannes,Smit,8911237581080,South African,N,1975-06-13,+27 70 807 4892,2024-02-05 00:00:00
VID-58816,Thabo,Naidoo,9605105593087,South African,Y,2002-08-19,+27 67 237 5923,2024-02-04 00:00:00
VID-52056,Pieter,Williams,T96644900,American,Y,1999-10-02,+27 66 552 4463,2024-04-09 00:00:00
VID-73499,Emma,Naidoo,B79158328,Dutch,Y,1996-07-12,+27 62 418 9303,2024-04-04 00:00:00
VID-78719,Sipho,Dlamini,F35872271,German,Y,1972-03-02,+27 61 355 1541,2024-04-09 00:00:00
VID-36097,Pieter,Naidoo,O77796914,German,N,1964-07-14,+27 80 226 1500,2024-02-16 00:00:00
VID-87862,Naledi,Botha,9708196730085,South African,Y,1993-05-31,+27 68 866 2480,2024-03-03 00:00:00
VID-16507,Johannes,Smit,9404284626083,South African,Y,1962-06-18,+27 68 767 7709,2024-02-19 00:00:00
VID-99417,Thabo,Ndlovu,E96888739,British,Y,1961-10-19,+27 79 920 1138,2024-04-09 00:00:00
VID-50037,Jaco,Van Wyk,8307286713087,South African,N,1982-08-23,+27 66 577 5950,2024-03-18 00:00:00
VID-62055,Sipho,Smith,A78654208,American,N,2006-09-16,+27 77 762 5631,2024-03-20 00:00:00
VID-18367,Zanele,Van Wyk,9006285536084,South African,N,1969-09-12,+27 66 253 9475,2024-03-02 00:00:00
VID-88647,Liam,Naidoo,V28781020,Dutch,Y,1981-07-23,+27 80 609 5843,2024-01-08 00:00:00
VID-60891,Jaco,Dlamini,8812194111085,South African,Y,1997-07-20,+27 81 647 8794,2024-02-21 00:00:00
VID-49347,Johannes,Pretorius,F49431028,American,Y,1992-02-29,+27 75 231 5237,2024-03-05 00:00:00
VID-53992,Chloe,Smith,H57685330,American,Y,1976-06-03,+27 83 992 6031,2024-03-28 00:00:00
VID-44152,Sipho,Van Wyk,O25808361,German,N,1989-09-21,+27 61 987 2166,2024-02-17 00:00:00
VID-25704,Chloe,Williams,Q50044631,German,N,1977-06-14,+27 61 991 3470,2024-03-05 00:00:00
VID-63633,Sipho,Ndlovu,7406283954081,South African,N,1977-12-20,+27 70 746 3897,2024-02-13 00:00:00
VID-69251,Pieter,Mokoena,9403193595087,South African,Y,1965-03-15,+27 64 729 8105,2024-01-01 00:00:00
VID-66233,Naledi,Williams,A15063406,American,Y,1998-07-10,+27 83 482 1230,2024-02-21 00:00:00
VID-12348,Chloe,Dlamini,9012084707085,South African,N,2007-08-22,+27 64 205 7284,2024-01-25 00:00:00
VID-18557,Thabo,Van Wyk,J71193393,British,N,1987-06-18,+27 73 803 3192,2024-01-22 00:00:00
VID-34697,Johannes,Williams,7004083149083,South African,Y,2003-12-23,+27 78 616 3768,2024-02-15 00:00:00
VID-95267,Thabo,Williams,9811099761089,South African,Y,1992-11-20,+27 79 149 2771,2024-04-01 00:00:00
VID-25176,Liam,Ndlovu,M26588648,American,N,1961-10-08,+27 75 818 3508,2024-01-07 00:00:00
VID-65164,Chloe,Smith,9109093247086,South African,Y,1960-10-31,+27 76 836 2928,2024-02-08 00:00:00
VID-23928,Naledi,Mokoena,8904255308088,South African,Y,1970-03-24,+27 71 820 7713,2024-04-10 00:00:00
VID-81845,Naledi,Mokoena,9208114842080,South African,Y,1974-05-22,+27 81 191 2809,2024-01-06 00:00:00
VID-21807,Emma,Smith,X23594977,Dutch,N,2004-04-29,+27 80 336 8483,2024-01-20 00:00:00
VID-16564,Sarah,Botha,9701285760085,South African,N,1983-09-11,+27 73 856 2898,2024-02-29 00:00:00
VID-28139,Chloe,Botha,8006155395081,South African,N,1964-02-12,+27 70 287 2865,2024-01-02 00:00:00
VID-45629,Liam,Ndlovu,Z66604960,German,Y,1995-11-28,+27 63 235 1960,2024-02-28 00:00:00
VID-64529,Sipho,Ndlovu,Z86362294,Dutch,N,1974-04-20,+27 65 725 7221,2024-01-14 00:00:00
VID-13777,Chloe,Botha,P75514730,Dutch,Y,1992-03-03,+27 73 551 1753,2024-03-19 00:00:00
VID-51187,Thabo,Pretorius,9412194669085,South African,Y,1983-06-21,+27 73 777 5072,2024-03-24 00:00:00
VID-98643,Chloe,Williams,E84939694,German,Y,1991-01-07,+27 60 758 3571,2024-03-25 00:00:00
VID-31679,Sarah,Ndlovu,K42331952,British,N,2002-02-06,+27 68 151 9305,2024-03-04 00:00:00
VID-40801,Sarah,Ndlovu,8410152442087,South African,N,1993-12-20,+27 70 221 9148,2024-02-21 00:00:00
VID-62879,Liam,Dlamini,R83698792,American,Y,1961-08-05,+27 62 910 5990,2024-01-14 00:00:00
VID-98011,Naledi,Naidoo,L17284695,British,Y,1978-07-23,+27 74 439 8751,2024-03-24 00:00:00
VID-69314,Sarah,Smith,Y98437437,American,Y,1992-08-04,+27 60 449 6818,2024-04-01 00:00:00
VID-78417,Zanele,Smith,B32032560,Dutch,N,1986-03-12,+27 64 941 7704,2024-03-11 00:00:00
VID-35679,Lerato,Smith,9907078488083,South African,N,1982-10-24,+27 63 875 7790,2024-03-19 00:00:00
VID-69048,Naledi,Smit,8603161071088,South African,Y,1971-01-20,+27 77 543 8912,2024-04-08 00:00:00
VID-85832,Johannes,Botha,D61996696,British,N,1975-11-24,+27 76 493 7859,2024-03-29 00:00:00
VID-62149,Zanele,Van Wyk,O27900864,British,Y,1982-04-09,+27 73 716 9393,2024-02-05 00:00:00
VID-82559,Chloe,Mokoena,7604205760085,South African,Y,2009-02-22,+27 82 765 3913,2024-02-10 00:00:00
VID-93476,Zanele,Smith,Y57276557,British,N,2008-09-01,+27 78 684 7839,2024-03-29 00:00:00
VID-65363,Thabo,Pretorius,D13391969,American,N,2007-11-24,+27 64 154 1927,2024-02-06 00:00:00
VID-31094,Pieter,Van Wyk,7401235835083,South African,Y,1983-12-14,+27 71 933 8415,2024-04-06 00:00:00
VID-94819,Emma,Williams,7709265712080,South African,N,1980-02-15,+27 72 526 6122,2024-04-05 00:00:00
VID-42943,Lerato,Smit,Y69467023,British,Y,1964-10-28,+27 80 821 7025,2024-01-02 00:00:00
VID-89087,Lerato,Mokoena,J70238919,Dutch,Y,2009-01-14,+27 81 176 4063,2024-04-04 00:00:00
VID-59440,Thabo,Williams,7809093131082,South African,N,2006-02-05,+27 60 438 8640,2024-01-16 00:00:00
VID-30146,Zanele,Smit,B93935292,American,N,1973-11-20,+27 75 908 6866,2024-01-06 00:00:00
VID-38830,Johannes,Pretorius,7209067814088,South African,N,1988-07-07,+27 62 457 4624,2024-03-08 00:00:00
VID-57290,Pieter,Mokoena,9410178780088,South African,Y,1989-10-10,+27 63 784 6668,2024-02-12 00:00:00
VID-90439,Sipho,Mokoena,B53075436,German,N,1981-07-24,+27 63 495 5203,2024-03-23 00:00:00
VID-77746,Zanele,Pretorius,Z78281335,British,N,1985-05-16,+27 75 144 5856,2024-01-04 00:00:00
VID-77357,Sarah,Smith,F82205759,American,Y,1977-04-09,+27 80 167 4453,2024-02-11 00:00:00
VID-65601,Sarah,Mokoena,R68416623,American,Y,1979-02-15,+27 83 802 3519,2024-03-28 00:00:00
VID-53478,Thabo,Smith,7201065127088,South African,Y,2001-03-13,+27 78 941 4729,2024-04-01 00:00:00
VID-69129,Chloe,Williams,8306017381081,South African,Y,1996-07-27,+27 80 837 2036,2024-02-19 00:00:00
VID-19514,Zanele,Pretorius,D48901209,Dutch,N,1964-01-31,+27 79 188 5612,2024-03-30 00:00:00
VID-61788,Chloe,Dlamini,P30981381,Dutch,Y,1999-04-07,+27 64 864 7406,2024-02-18 00:00:00
VID-93105,Johannes,Van Wyk,V96965116,Dutch,N,2008-12-16,+27 60 666 3316,2024-02-07 00:00:00
VID-85067,Sipho,Williams,8709035992083,South African,N,1963-09-30,+27 66 522 9397,2024-01-01 00:00:00
VID-38939,Sipho,Van Wyk,7602061891088,South African,N,1974-06-10,+27 80 662 2198,2024-01-24 00:00:00
VID-22871,Lerato,Smit,8506123100083,South African,Y,1966-01-16,+27 69 734 2143,2024-02-02 00:00:00
VID-69067,Zanele,Smit,9105233496089,South African,N,1988-07-05,+27 70 538 3762,2024-03-03 00:00:00
VID-39035,Jaco,Williams,7806056432087,South African,N,1988-02-06,+27 74 467 6004,2024-02-01 00:00:00
VID-94613,Sipho,Smith,I28790705,German,Y,1969-10-06,+27 68 851 2252,2024-01-23 00:00:00
VID-76476,Chloe,Dlamini,S87698748,American,N,1966-10-06,+27 84 704 4485,2024-01-03 00:00:00
VID-80736,Naledi,Botha,8107085767082,South African,N,1983-05-19,+27 76 622 2483,2024-03-10 00:00:00
VID-11388,Chloe,Mokoena,Z92414513,German,Y,1992-08-23,+27 84 626 3299,2024-03-05 00:00:00
VID-84233,Sipho,Botha,X74894729,German,N,1974-04-14,+27 61 324 8989,2024-01-23 00:00:00
VID-58422,Lerato,Dlamini,9104176918086,South African,N,1965-08-21,+27 74 147 1653,2024-02-03 00:00:00
VID-78337,Chloe,Van Wyk,X45341684,American,Y,1989-01-27,+27 72 769 7201,2024-01-14 00:00:00
VID-42975,Liam,Mokoena,8607126653087,South African,N,1966-12-25,+27 79 106 9222,2024-03-07 00:00:00
VID-40145,Sarah,Pretorius,9005073461082,South African,Y,1999-06-19,+27 71 716 2938,2024-01-22 00:00:00
VID-53283,Jaco,Smith,P74265413,American,N,1980-08-30,+27 66 704 3641,2024-02-23 00:00:00
VID-41938,Thabo,Botha,S89503557,American,Y,1996-11-11,+27 64 744 9399,2024-01-03 00:00:00
VID-31802,Pieter,Botha,8607201305084,South African,Y,1973-03-05,+27 66 559 8723,2024-01-08 00:00:00
VID-38752,Liam,Smit,E88201440,Dutch,Y,2003-03-19,+27 79 775 9369,2024-01-22 00:00:00
VID-99861,Zanele,Ndlovu,8910034765086,South African,N,1975-01-17,+27 64 211 1271,2024-04-02 00:00:00
VID-99701,Liam,Botha,8902068796089,South African,Y,2006-11-23,+27 77 615 2925,2024-03-05 00:00:00
VID-27082,Sipho,Pretorius,9601258069088,South African,N,2003-04-07,+27 71 995 1711,2024-03-25 00:00:00
VID-40079,Naledi,Williams,L89060695,American,Y,2007-07-14,+27 73 237 5170,2024-02-24 00:00:00
VID-47128,Sipho,Pretorius,N44601998,German,Y,1980-11-09,+27 60 826 1116,2024-01-11 00:00:00
VID-78126,Thabo,Williams,U37570830,British,N,2006-11-17,+27 73 470 2746,2024-01-16 00:00:00
VID-86725,Pieter,Van Wyk,9709146990089,South African,N,1998-03-23,+27 81 506 4337,2024-03-24 00:00:00
VID-58524,Emma,Pretorius,P44061458,German,N,2003-04-14,+27 78 452 7522,2024-01-23 00:00:00
VID-25608,Jaco,Mokoena,O31715773,American,Y,1972-05-21,+27 66 620 7562,2024-03-25 00:00:00
VID-90481,Jaco,Dlamini,F62224611,Dutch,Y,1990-05-12,+27 62 943 3381,2024-03-11 00:00:00
VID-18399,Pieter,Mokoena,L20742751,German,Y,1999-01-22,+27 83 493 7564,2024-01-12 00:00:00
VID-88311,Thabo,Botha,U76353000,British,N,2006-09-28,+27 60 306 9489,2024-02-06 00:00:00
VID-88579,Emma,Pretorius,9204203776080,South African,N,1977-06-21,+27 67 770 1004,2024-01-05 00:00:00
VID-62354,Zanele,Williams,8210079482080,South African,Y,1967-10-16,+27 62 662 5661,2024-02-05 00:00:00
VID-46242,Lerato,Smit,G71036720,American,N,1991-03-25,+27 78 104 5277,2024-02-14 00:00:00
VID-23954,Emma,Smith,8605112917088,South African,N,1996-07-10,+27 77 932 5098,2024-03-05 00:00:00
VID-83815,Naledi,Mokoena,Y55588495,American,N,1999-09-21,+27 81 571 1448,2024-02-18 00:00:00
VID-18854,Liam,Mokoena,V40860700,German,N,1970-06-06,+27 73 461 9462,2024-02-03 00:00:00
VID-44517,Lerato,Van Wyk,C63543563,British,N,1960-11-14,+27 62 667 3924,2024-03-30 00:00:00
VID-38647,Sipho,Van Wyk,F35523849,German,N,1988-02-27,+27 83 304 4847,2024-02-15 00:00:00
VID-37102,Lerato,Mokoena,H93026670,American,N,1981-09-18,+27 64 897 2747,2024-02-03 00:00:00
VID-96956,Naledi,Smit,7009028901085,South African,N,1967-01-15,+27 75 688 5501,2024-03-27 00:00:00
VID-76995,Pieter,Williams,H87398691,German,Y,1976-05-28,+27 61 638 7933,2024-04-07 00:00:00
VID-75860,Zanele,Williams,V33461307,German,N,2008-07-06,+27 63 815 9490,2024-01-05 00:00:00
VID-11103,Thabo,Mokoena,M87981603,German,Y,1988-04-26,+27 70 470 5254,2024-03-29 00:00:00
VID-41082,Pieter,Ndlovu,8906124013087,South African,N,2009-03-19,+27 66 529 7099,2024-02-03 00:00:00
VID-69077,Johannes,Smit,7410224744081,South African,N,1995-12-09,+27 67 668 8081,2024-02-05 00:00:00
VID-29116,Jaco,Botha,P11307588,Dutch,Y,1994-03-03,+27 73 611 3203,2024-01-26 00:00:00
VID-51383,Naledi,Van Wyk,I85448945,Dutch,Y,2006-05-20,+27 72 201 3676,2024-03-09 00:00:00
VID-72460,Chloe,Smith,8412115256085,South African,N,1979-05-01,+27 77 670 5222,2024-02-02 00:00:00
VID-25890,Zanele,Smit,7610199821082,South African,N,1961-10-11,+27 71 432 9363,2024-02-22 00:00:00
VID-59947,Sipho,Van Wyk,O94786974,German,Y,2000-02-05,+27 65 755 6527,2024-01-11 00:00:00
VID-20369,Johannes,Naidoo,H52074850,German,N,1996-04-24,+27 80 398 5382,2024-01-10 00:00:00
VID-68313,Zanele,Smit,Q70436720,British,N,1995-06-24,+27 65 288 1378,2024-02-04 00:00:00
VID-42983,Jaco,Smith,7603132687081,South African,Y,1981-01-18,+27 75 661 1881,2024-03-25 00:00:00
VID-20911,Sarah,Van Wyk,8903037387084,South African,Y,1995-08-14,+27 67 855 5655,2024-03-08 00:00:00
VID-79041,Johannes,Dlamini,B99060057,German,N,1971-05-05,+27 70 984 8801,2024-01-17 00:00:00
VID-81898,Naledi,Botha,W82381952,German,Y,2008-06-30,+27 78 711 8480,2024-02-04 00:00:00
VID-93858,Chloe,Pretorius,J56596140,American,N,1999-01-09,+27 77 332 2467,2024-03-08 00:00:00
VID-64028,Pieter,Botha,J11416778,German,Y,1987-08-15,+27 76 934 3233,2024-02-16 00:00:00
VID-80136,Thabo,Ndlovu,9408101149086,South African,N,1985-09-22,+27 79 336 1118,2024-03-01 00:00:00
VID-63967,Emma,Williams,M43540489,British,Y,1993-07-09,+27 82 854 7385,2024-01-25 00:00:00
VID-44469,Sarah,Williams,U42153442,Dutch,N,1993-12-11,+27 69 764 9715,2024-01-29 00:00:00
VID-34641,Sarah,Botha,E48868823,Dutch,Y,1984-02-12,+27 80 566 8418,2024-02-22 00:00:00
VID-52027,Thabo,Botha,7109014046081,South African,N,2004-02-20,+27 68 228 8183,2024-01-25 00:00:00
VID-21822,Johannes,Dlamini,P39150491,American,N,1960-09-25,+27 73 419 9165,2024-01-30 00:00:00
VID-14159,Zanele,Smith,9603025366086,South African,Y,2001-08-07,+27 77 581 3975,2024-03-30 00:00:00
VID-11653,Sarah,Mokoena,8208081549083,South African,N,1982-06-08,+27 83 889 2539,2024-02-18 00:00:00
VID-61003,Chloe,Van Wyk,K31288466,British,Y,1978-09-13,+27 83 662 9534,2024-03-01 00:00:00
VID-93692,Pieter,Mokoena,8101284568081,South African,Y,1982-09-22,+27 80 544 6316,2024-03-02 00:00:00
VID-86637,Sarah,Williams,9504011688089,South African,N,1975-01-06,+27 82 710 3539,2024-02-05 00:00:00
VID-30669,Naledi,Smith,9110111983080,South African,N,1968-01-11,+27 80 257 9787,2024-02-01 00:00:00
VID-73942,Lerato,Naidoo,R96522918,Dutch,N,1969-08-20,+27 74 850 4161,2024-01-17 00:00:00
VID-27659,Pieter,Dlamini,8512155828088,South African,N,1993-11-21,+27 66 680 4057,2024-02-15 00:00:00
VID-71393,Pieter,Smit,R31520928,British,Y,1991-03-11,+27 76 258 8362,2024-02-11 00:00:00
VID-58118,Naledi,Dlamini,9411177210082,South African,Y,1983-08-17,+27 79 977 6965,2024-03-10 00:00:00
VID-18302,Chloe,Pretorius,M35483846,Dutch,N,1981-06-03,+27 84 664 3525,2024-02-11 00:00:00
VID-63713,Chloe,Naidoo,D22919301,British,Y,1985-05-26,+27 61 955 3126,2024-02-11 00:00:00
VID-24031,Naledi,Mokoena,7301197366087,South African,N,1962-10-21,+27 61 475 4616,2024-01-26 00:00:00
VID-37359,Chloe,Ndlovu,C72821834,British,Y,1966-05-11,+27 71 671 7814,2024-01-02 00:00:00
VID-17641,Sipho,Van Wyk,Q15456373,Dutch,Y,1993-02-09,+27 69 179 4537,2024-03-31 00:00:00
VID-40279,Emma,Williams,G35920053,British,Y,1968-09-17,+27 78 740 3931,2024-01-13 00:00:00
VID-23829,Chloe,Smit,L71568435,British,N,1997-03-31,+27 63 270 3955,2024-04-05 00:00:00
VID-54238,Chloe,Botha,R90519326,British,N,1996-01-10,+27 71 422 6319,2024-03-05 00:00:00
VID-93000,Liam,Naidoo,T42309234,Dutch,Y,1993-05-07,+27 72 884 5162,2024-02-22 00:00:00
VID-62047,Thabo,Dlamini,7910019480082,South African,N,2000-08-02,+27 60 407 4635,2024-02-27 00:00:00
VID-46170,Emma,Pretorius,8710193534081,South African,Y,1988-04-01,+27 74 464 3557,2024-01-03 00:00:00
VID-86304,Lerato,Mokoena,7805037550089,South African,Y,1983-10-10,+27 83 179 6319,2024-02-16 00:00:00
VID-73999,Jaco,Smit,D89890579,Dutch,N,2003-04-16,+27 61 848 7251,2024-01-23 00:00:00
VID-53829,Zanele,Williams,8302284714089,South African,Y,1965-01-06,+27 80 896 7266,2024-04-08 00:00:00
VID-15397,Zanele,Pretorius,8803119231083,South African,Y,1987-05-06,+27 61 789 7436,2024-03-08 00:00:00
VID-39109,Liam,Van Wyk,Z62925057,German,Y,2005-04-12,+27 64 444 2352,2024-01-12 00:00:00
VID-62322,Pieter,Smith,M77353558,German,N,1964-06-03,+27 84 814 3136,2024-03-11 00:00:00
VID-83308,Lerato,Ndlovu,M97543303,Dutch,Y,1972-02-06,+27 77 730 9589,2024-03-02 00:00:00
VID-44898,Liam,Naidoo,9110032843086,South African,N,1981-09-27,+27 71 456 4120,2024-01-10 00:00:00
VID-95905,Thabo,Van Wyk,7506208245089,South African,Y,1990-11-28,+27 74 145 4825,2024-03-17 00:00:00
VID-21247,Sarah,Dlamini,7710055713080,South African,N,1993-07-15,+27 82 923 2823,2024-01-20 00:00:00
VID-12981,Zanele,Mokoena,9309074339088,South African,N,2000-05-17,+27 77 594 3315,2024-03-01 00:00:00
VID-86415,Chloe,Pretorius,B44286770,American,Y,1961-08-25,+27 61 390 4288,2024-02-18 00:00:00
VID-70943,Chloe,Dlamini,C62163068,Dutch,N,1984-05-03,+27 81 972 6901,2024-01-07 00:00:00
VID-48337,Chloe,Williams,H61096850,Dutch,Y,1969-09-05,+27 70 596 9709,2024-01-03 00:00:00
VID-75621,Naledi,Pretorius,9912011651083,South African,N,1976-09-21,+27 70 601 7445,2024-01-26 00:00:00
VID-55453,Chloe,Naidoo,L93917080,American,N,1974-01-31,+27 67 613 5519,2024-01-03 00:00:00
VID-43774,Liam,Dlamini,R47606981,Dutch,Y,1965-07-24,+27 64 449 7436,2024-03-21 00:00:00
VID-60096,Emma,Smit,U40524866,American,N,1972-04-24,+27 67 686 3502,2024-01-12 00:00:00
VID-53160,Naledi,Pretorius,E37750491,German,Y,1988-01-10,+27 78 654 4314,2024-03-18 00:00:00
VID-78656,Johannes,Williams,Y29482024,Dutch,Y,1972-05-22,+27 70 169 9732,2024-02-09 00:00:00
VID-51628,Johannes,Dlamini,Y52773504,American,N,1970-08-15,+27 73 410 8258,2024-01-24 00:00:00
VID-34632,Sarah,Botha,F13516265,American,N,1984-07-24,+27 79 680 4783,2024-01-20 00:00:00
VID-13418,Zanele,Smith,W73968467,British,Y,1980-10-30,+27 76 966 8680,2024-01-30 00:00:00
VID-60785,Naledi,Ndlovu,E31983035,American,Y,1993-07-19,+27 67 133 7694,2024-01-24 00:00:00
VID-64138,Lerato,Mokoena,Y37455861,Dutch,Y,1961-05-06,+27 65 549 9027,2024-02-04 00:00:00
